{
  "dashboard": {
    "annotations": {
      "list": [
        {
          "builtIn": 1,
          "datasource": {
            "type": "prometheus",
            "uid": "PBFA97CFB590B2093"
          },
          "enable": true,
          "hide": true,
          "iconColor": "rgba(0, 211, 255, 1)",
          "name": "Annotations & Alerts",
          "type": "dashboard"
        }
      ]
    },
    "description": "This dashboard provides cluster admins with the ability to monitor nodes and identify tenant workload bottlenecks. It has been curated from other monitoring dashboards and the helm charts will add PSPs to Prometheus Grafana to make it compatible with all versions of Pivotal Container Services. ",
    "editable": true,
    "fiscalYearStartMonth": 0,
    "gnetId": 10182,
    "graphTooltip": 0,
    "id": null,
    "links": [
      {
        "asDropdown": true,
        "icon": "external link",
        "includeVars": false,
        "keepTime": false,
        "tags": [
          "k8s"
        ],
        "targetBlank": false,
        "title": "Dashboards",
        "tooltip": "",
        "type": "dashboards",
        "url": ""
      }
    ],
    "liveNow": false,
    "panels": [
      {
        "collapsed": false,
        "datasource": {
          "type": "prometheus",
          "uid": "PBFA97CFB590B2093"
        },
        "gridPos": {
          "h": 1,
          "w": 24,
          "x": 0,
          "y": 0
        },
        "id": 34,
        "panels": [],
        "targets": [
          {
            "datasource": {
              "type": "prometheus",
              "uid": "PBFA97CFB590B2093"
            },
            "refId": "A"
          }
        ],
        "title": "Server CPU & Memory Usage",
        "type": "row"
      },
      {
        "datasource": {
          "type": "prometheus",
          "uid": "PBFA97CFB590B2093"
        },
        "fieldConfig": {
          "defaults": {
            "color": {
              "mode": "thresholds"
            },
            "decimals": 2,
            "mappings": [
              {
                "options": {
                  "match": "null",
                  "result": {
                    "text": "N/A"
                  }
                },
                "type": "special"
              }
            ],
            "max": 100,
            "min": 0,
            "thresholds": {
              "mode": "absolute",
              "steps": [
                {
                  "color": "rgba(50, 172, 45, 0.97)",
                  "value": null
                },
                {
                  "color": "rgba(237, 129, 40, 0.89)",
                  "value": 65
                },
                {
                  "color": "rgba(245, 54, 54, 0.9)",
                  "value": 90
                }
              ]
            },
            "unit": "percent"
          },
          "overrides": []
        },
        "gridPos": {
          "h": 5,
          "w": 12,
          "x": 0,
          "y": 1
        },
        "id": 6,
        "links": [],
        "maxDataPoints": 100,
        "options": {
          "orientation": "horizontal",
          "reduceOptions": {
            "calcs": [
              "lastNotNull"
            ],
            "fields": "",
            "values": false
          },
          "showThresholdLabels": false,
          "showThresholdMarkers": true,
          "text": {}
        },
        "pluginVersion": "9.1.5",
        "targets": [
          {
            "datasource": {
              "type": "prometheus",
              "uid": "PBFA97CFB590B2093"
            },
            "exemplar": true,
            "expr": "100 - 100 * (avg(irate(node_cpu_seconds_total{mode=\"idle\"}[1m])))",
            "format": "time_series",
            "interval": "10s",
            "intervalFactor": 1,
            "legendFormat": "",
            "refId": "A",
            "step": 10
          }
        ],
        "title": "Server CPU usage ($interval avg)",
        "type": "gauge"
      },
      {
        "datasource": {
          "type": "prometheus",
          "uid": "PBFA97CFB590B2093"
        },
        "fieldConfig": {
          "defaults": {
            "color": {
              "mode": "thresholds"
            },
            "mappings": [
              {
                "options": {
                  "match": "null",
                  "result": {
                    "text": "N/A"
                  }
                },
                "type": "special"
              }
            ],
            "max": 100,
            "min": 0,
            "thresholds": {
              "mode": "absolute",
              "steps": [
                {
                  "color": "rgba(50, 172, 45, 0.97)",
                  "value": null
                },
                {
                  "color": "rgba(237, 129, 40, 0.89)",
                  "value": 65
                },
                {
                  "color": "rgba(245, 54, 54, 0.9)",
                  "value": 90
                }
              ]
            },
            "unit": "percent"
          },
          "overrides": []
        },
        "gridPos": {
          "h": 5,
          "w": 12,
          "x": 12,
          "y": 1
        },
        "id": 4,
        "links": [],
        "maxDataPoints": 100,
        "options": {
          "orientation": "horizontal",
          "reduceOptions": {
            "calcs": [
              "lastNotNull"
            ],
            "fields": "",
            "values": false
          },
          "showThresholdLabels": false,
          "showThresholdMarkers": true,
          "text": {}
        },
        "pluginVersion": "9.1.5",
        "targets": [
          {
            "datasource": {
              "type": "prometheus",
              "uid": "PBFA97CFB590B2093"
            },
            "expr": "100 - sum (node_memory_MemAvailable_bytes{kubernetes_node=~\"^$Node$\"}) / sum (node_memory_MemTotal_bytes{kubernetes_node=~\"^$Node$\"}) * 100",
            "format": "time_series",
            "interval": "10s",
            "intervalFactor": 1,
            "legendFormat": "",
            "refId": "A",
            "step": 10
          }
        ],
        "title": "Server memory usage",
        "type": "gauge"
      },
      {
        "datasource": {
          "type": "prometheus",
          "uid": "PBFA97CFB590B2093"
        },
        "fieldConfig": {
          "defaults": {
            "color": {
              "mode": "thresholds"
            },
            "decimals": 2,
            "mappings": [
              {
                "options": {
                  "match": "null",
                  "result": {
                    "text": "N/A"
                  }
                },
                "type": "special"
              }
            ],
            "thresholds": {
              "mode": "absolute",
              "steps": [
                {
                  "color": "green",
                  "value": null
                },
                {
                  "color": "red",
                  "value": 80
                }
              ]
            },
            "unit": "none"
          },
          "overrides": []
        },
        "gridPos": {
          "h": 3,
          "w": 6,
          "x": 0,
          "y": 6
        },
        "id": 11,
        "links": [],
        "maxDataPoints": 100,
        "options": {
          "colorMode": "none",
          "graphMode": "none",
          "justifyMode": "auto",
          "orientation": "horizontal",
          "reduceOptions": {
            "calcs": [
              "lastNotNull"
            ],
            "fields": "",
            "values": false
          },
          "text": {},
          "textMode": "auto"
        },
        "pluginVersion": "9.1.5",
        "targets": [
          {
            "datasource": {
              "type": "prometheus",
              "uid": "PBFA97CFB590B2093"
            },
            "exemplar": true,
            "expr": "sum(rate(node_cpu_seconds_total{mode='system'}[1m]))+sum(rate(node_cpu_seconds_total{mode='user'}[1m]))",
            "format": "time_series",
            "hide": false,
            "interval": "10s",
            "intervalFactor": 1,
            "legendFormat": "",
            "refId": "A",
            "step": 10
          }
        ],
        "title": "Used",
        "type": "stat"
      },
      {
        "datasource": {
          "type": "prometheus",
          "uid": "PBFA97CFB590B2093"
        },
        "fieldConfig": {
          "defaults": {
            "color": {
              "mode": "thresholds"
            },
            "decimals": 2,
            "mappings": [
              {
                "options": {
                  "match": "null",
                  "result": {
                    "text": "N/A"
                  }
                },
                "type": "special"
              }
            ],
            "thresholds": {
              "mode": "absolute",
              "steps": [
                {
                  "color": "green",
                  "value": null
                },
                {
                  "color": "red",
                  "value": 80
                }
              ]
            },
            "unit": "none"
          },
          "overrides": []
        },
        "gridPos": {
          "h": 3,
          "w": 6,
          "x": 6,
          "y": 6
        },
        "id": 12,
        "links": [],
        "maxDataPoints": 100,
        "options": {
          "colorMode": "none",
          "graphMode": "none",
          "justifyMode": "auto",
          "orientation": "horizontal",
          "reduceOptions": {
            "calcs": [
              "lastNotNull"
            ],
            "fields": "",
            "values": false
          },
          "text": {},
          "textMode": "auto"
        },
        "pluginVersion": "9.1.5",
        "targets": [
          {
            "datasource": {
              "type": "prometheus",
              "uid": "PBFA97CFB590B2093"
            },
            "exemplar": true,
            "expr": "(count without(cpu, mode) (node_cpu_seconds_total{mode=\"idle\"}))",
            "format": "time_series",
            "interval": "10s",
            "intervalFactor": 1,
            "legendFormat": "",
            "refId": "A",
            "step": 10
          },
          {
            "datasource": {
              "type": "prometheus",
              "uid": "PBFA97CFB590B2093"
            },
            "hide": false,
            "refId": "B"
          }
        ],
        "title": "Total",
        "type": "stat"
      },
      {
        "datasource": {
          "type": "prometheus",
          "uid": "PBFA97CFB590B2093"
        },
        "fieldConfig": {
          "defaults": {
            "color": {
              "mode": "thresholds"
            },
            "decimals": 2,
            "mappings": [
              {
                "options": {
                  "match": "null",
                  "result": {
                    "text": "N/A"
                  }
                },
                "type": "special"
              }
            ],
            "thresholds": {
              "mode": "absolute",
              "steps": [
                {
                  "color": "green",
                  "value": null
                },
                {
                  "color": "red",
                  "value": 80
                }
              ]
            },
            "unit": "bytes"
          },
          "overrides": []
        },
        "gridPos": {
          "h": 3,
          "w": 6,
          "x": 12,
          "y": 6
        },
        "id": 9,
        "links": [],
        "maxDataPoints": 100,
        "options": {
          "colorMode": "none",
          "graphMode": "none",
          "justifyMode": "auto",
          "orientation": "horizontal",
          "reduceOptions": {
            "calcs": [
              "lastNotNull"
            ],
            "fields": "",
            "values": false
          },
          "text": {},
          "textMode": "auto"
        },
        "pluginVersion": "9.1.5",
        "targets": [
          {
            "datasource": {
              "type": "prometheus",
              "uid": "PBFA97CFB590B2093"
            },
            "exemplar": true,
            "expr": "sum(node_memory_MemTotal_bytes{kubernetes_node=~\"^$Node$\"}) - sum (node_memory_MemAvailable_bytes{kubernetes_node=~\"^$Node$\"})",
            "format": "time_series",
            "interval": "10s",
            "intervalFactor": 1,
            "legendFormat": "",
            "refId": "A",
            "step": 10
          }
        ],
        "title": "Used",
        "type": "stat"
      },
      {
        "datasource": {
          "type": "prometheus",
          "uid": "PBFA97CFB590B2093"
        },
        "fieldConfig": {
          "defaults": {
            "color": {
              "mode": "thresholds"
            },
            "decimals": 2,
            "mappings": [
              {
                "options": {
                  "match": "null",
                  "result": {
                    "text": "N/A"
                  }
                },
                "type": "special"
              }
            ],
            "thresholds": {
              "mode": "absolute",
              "steps": [
                {
                  "color": "green",
                  "value": null
                },
                {
                  "color": "red",
                  "value": 80
                }
              ]
            },
            "unit": "bytes"
          },
          "overrides": []
        },
        "gridPos": {
          "h": 3,
          "w": 6,
          "x": 18,
          "y": 6
        },
        "id": 10,
        "links": [],
        "maxDataPoints": 100,
        "options": {
          "colorMode": "none",
          "graphMode": "none",
          "justifyMode": "auto",
          "orientation": "horizontal",
          "reduceOptions": {
            "calcs": [
              "lastNotNull"
            ],
            "fields": "",
            "values": false
          },
          "text": {},
          "textMode": "auto"
        },
        "pluginVersion": "9.1.5",
        "targets": [
          {
            "datasource": {
              "type": "prometheus",
              "uid": "PBFA97CFB590B2093"
            },
            "exemplar": true,
            "expr": "sum (node_memory_MemAvailable_bytes{kubernetes_node=~\"^$Node$\"})",
            "format": "time_series",
            "hide": false,
            "interval": "10s",
            "intervalFactor": 1,
            "legendFormat": "",
            "refId": "A",
            "step": 10
          }
        ],
        "title": "Free",
        "type": "stat"
      },
      {
        "collapsed": false,
        "datasource": {
          "type": "loki",
          "uid": "P8E80F9AEF21F6940"
        },
        "gridPos": {
          "h": 1,
          "w": 24,
          "x": 0,
          "y": 9
        },
        "id": 57,
        "panels": [],
        "targets": [
          {
            "datasource": {
              "type": "loki",
              "uid": "P8E80F9AEF21F6940"
            },
            "refId": "A"
          }
        ],
        "title": "Total CPU & Memory",
        "type": "row"
      },
      {
        "datasource": {
          "type": "prometheus",
          "uid": "PBFA97CFB590B2093"
        },
        "description": "This Panel will show Node CPU.",
        "fieldConfig": {
          "defaults": {
            "color": {
              "mode": "thresholds"
            },
            "custom": {
              "align": "center",
              "displayMode": "lcd-gauge",
              "inspect": false
            },
            "mappings": [],
            "thresholds": {
              "mode": "absolute",
              "steps": [
                {
                  "color": "green",
                  "value": null
                },
                {
                  "color": "red",
                  "value": 80
                }
              ]
            }
          },
          "overrides": []
        },
        "gridPos": {
          "h": 4,
          "w": 12,
          "x": 0,
          "y": 10
        },
        "id": 54,
        "options": {
          "footer": {
            "fields": "",
            "reducer": [
              "sum"
            ],
            "show": false
          },
          "showHeader": true
        },
        "pluginVersion": "9.1.5",
        "targets": [
          {
            "datasource": {
              "type": "prometheus",
              "uid": "PBFA97CFB590B2093"
            },
            "exemplar": true,
            "expr": "(count without(cpu, mode) (node_cpu_seconds_total{mode=\"idle\"}))",
            "instant": true,
            "interval": "",
            "legendFormat": "{{instance}}  cores ",
            "refId": "A"
          }
        ],
        "title": "Node CPU",
        "transformations": [
          {
            "id": "filterFieldsByName",
            "options": {
              "include": {
                "pattern": "^((?!Time).)*$"
              }
            }
          }
        ],
        "transparent": true,
        "type": "table"
      },
      {
        "datasource": {
          "type": "prometheus",
          "uid": "PBFA97CFB590B2093"
        },
        "description": "This Panel will show Node Memory.",
        "fieldConfig": {
          "defaults": {
            "color": {
              "mode": "thresholds"
            },
            "custom": {
              "align": "center",
              "displayMode": "lcd-gauge",
              "inspect": false
            },
            "mappings": [],
            "thresholds": {
              "mode": "percentage",
              "steps": [
                {
                  "color": "green",
                  "value": null
                },
                {
                  "color": "red",
                  "value": 80
                }
              ]
            },
            "unit": "bytes"
          },
          "overrides": []
        },
        "gridPos": {
          "h": 4,
          "w": 12,
          "x": 12,
          "y": 10
        },
        "id": 55,
        "options": {
          "footer": {
            "fields": "",
            "reducer": [
              "sum"
            ],
            "show": false
          },
          "showHeader": true
        },
        "pluginVersion": "9.1.5",
        "targets": [
          {
            "datasource": {
              "type": "prometheus",
              "uid": "PBFA97CFB590B2093"
            },
            "exemplar": true,
            "expr": "node_memory_MemTotal_bytes{kubernetes_node=~\".*\"}",
            "instant": true,
            "interval": "",
            "legendFormat": "Server Memory",
            "refId": "A"
          }
        ],
        "title": "Node Memory",
        "transformations": [
          {
            "id": "filterFieldsByName",
            "options": {
              "include": {
                "pattern": "^((?!Time).)*$"
              }
            }
          }
        ],
        "transparent": true,
        "type": "table"
      },
      {
        "collapsed": false,
        "datasource": {
          "type": "loki",
          "uid": "P8E80F9AEF21F6940"
        },
        "gridPos": {
          "h": 1,
          "w": 24,
          "x": 0,
          "y": 14
        },
        "id": 47,
        "panels": [],
        "targets": [
          {
            "datasource": {
              "type": "loki",
              "uid": "P8E80F9AEF21F6940"
            },
            "refId": "A"
          }
        ],
        "title": "Filesystem & Inodes Usage",
        "type": "row"
      },
      {
        "alert": {
          "alertRuleTags": {},
          "conditions": [
            {
              "evaluator": {
                "params": [
                  80
                ],
                "type": "gt"
              },
              "operator": {
                "type": "and"
              },
              "query": {
                "params": [
                  "A",
                  "2h",
                  "now"
                ]
              },
              "reducer": {
                "params": [],
                "type": "avg"
              },
              "type": "query"
            }
          ],
          "executionErrorState": "alerting",
          "for": "0m",
          "frequency": "10s",
          "handler": 1,
          "message": "Disk space is getting exhausted over $kubernetes_node.0chain.net n/w.",
          "name": "$kubernetes_node n/w disk space usage alert.",
          "noDataState": "no_data",
          "notifications": [
            {
              "uid": "vqu3J_5nz"
            }
          ]
        },
        "datasource": {
          "type": "prometheus",
          "uid": "PBFA97CFB590B2093"
        },
        "description": "",
        "fieldConfig": {
          "defaults": {
            "color": {
              "mode": "palette-classic"
            },
            "custom": {
              "axisCenteredZero": false,
              "axisColorMode": "text",
              "axisLabel": "Disk Usage in %",
              "axisPlacement": "auto",
              "barAlignment": 0,
              "drawStyle": "line",
              "fillOpacity": 20,
              "gradientMode": "none",
              "hideFrom": {
                "legend": false,
                "tooltip": false,
                "viz": false
              },
              "lineInterpolation": "linear",
              "lineStyle": {
                "fill": "solid"
              },
              "lineWidth": 1,
              "pointSize": 5,
              "scaleDistribution": {
                "type": "linear"
              },
              "showPoints": "auto",
              "spanNulls": false,
              "stacking": {
                "group": "A",
                "mode": "none"
              },
              "thresholdsStyle": {
                "mode": "off"
              }
            },
            "decimals": 0,
            "mappings": [
              {
                "options": {
                  "null": {
                    "index": 0,
                    "text": "N/A"
                  }
                },
                "type": "value"
              }
            ],
            "max": 100,
            "min": 0,
            "thresholds": {
              "mode": "absolute",
              "steps": [
                {
                  "color": "green",
                  "value": null
                },
                {
                  "color": "orange",
                  "value": 65
                },
                {
                  "color": "red",
                  "value": 90
                }
              ]
            },
            "unit": "percent"
          },
          "overrides": []
        },
        "gridPos": {
          "h": 6,
          "w": 24,
          "x": 0,
          "y": 15
        },
        "id": 48,
        "options": {
          "legend": {
            "calcs": [
              "min",
              "max",
              "mean",
              "lastNotNull"
            ],
            "displayMode": "table",
            "placement": "bottom",
            "showLegend": true
          },
          "tooltip": {
            "mode": "single",
            "sort": "none"
          }
        },
        "pluginVersion": "8.1.6",
        "targets": [
          {
            "datasource": {
              "type": "prometheus",
              "uid": "PBFA97CFB590B2093"
            },
            "exemplar": true,
            "expr": "(node_filesystem_size_bytes - node_filesystem_avail_bytes)/(node_filesystem_size_bytes) * 100 ",
            "format": "time_series",
            "hide": false,
            "instant": false,
            "interval": "10s",
            "legendFormat": "{{ device }}",
            "refId": "A"
          }
        ],
        "thresholds": [
          {
            "colorMode": "critical",
            "op": "gt",
            "value": 80,
            "visible": true
          }
        ],
        "title": "Server Filesystem Usage",
        "type": "timeseries"
      },
      {
        "datasource": {
          "type": "prometheus",
          "uid": "PBFA97CFB590B2093"
        },
        "fieldConfig": {
          "defaults": {
            "color": {
              "mode": "thresholds"
            },
            "decimals": 2,
            "mappings": [
              {
                "options": {
                  "match": "null",
                  "result": {
                    "text": "N/A"
                  }
                },
                "type": "special"
              }
            ],
            "max": 100,
            "min": 0,
            "thresholds": {
              "mode": "absolute",
              "steps": [
                {
                  "color": "rgba(50, 172, 45, 0.97)",
                  "value": null
                },
                {
                  "color": "rgba(237, 129, 40, 0.89)",
                  "value": 65
                },
                {
                  "color": "rgba(245, 54, 54, 0.9)",
                  "value": 90
                }
              ]
            },
            "unit": "percent"
          },
          "overrides": []
        },
        "gridPos": {
          "h": 6,
          "w": 4,
          "x": 0,
          "y": 21
        },
        "id": 7,
        "links": [],
        "maxDataPoints": 100,
        "options": {
          "orientation": "horizontal",
          "reduceOptions": {
            "calcs": [
              "lastNotNull"
            ],
            "fields": "",
            "values": false
          },
          "showThresholdLabels": false,
          "showThresholdMarkers": true,
          "text": {}
        },
        "pluginVersion": "9.1.5",
        "targets": [
          {
            "datasource": {
              "type": "prometheus",
              "uid": "PBFA97CFB590B2093"
            },
            "exemplar": true,
            "expr": "sum (node_filesystem_size_bytes - node_filesystem_avail_bytes)/sum(node_filesystem_size_bytes) * 100 ",
            "format": "time_series",
            "interval": "10s",
            "intervalFactor": 1,
            "legendFormat": "",
            "metric": "",
            "refId": "A",
            "step": 10
          }
        ],
        "title": "Server filesystem usage",
        "type": "gauge"
      },
      {
        "datasource": {
          "type": "prometheus",
          "uid": "PBFA97CFB590B2093"
        },
        "fieldConfig": {
          "defaults": {
            "color": {
              "mode": "thresholds"
            },
            "decimals": 2,
            "mappings": [
              {
                "options": {
                  "match": "null",
                  "result": {
                    "text": "N/A"
                  }
                },
                "type": "special"
              }
            ],
            "min": 1,
            "thresholds": {
              "mode": "absolute",
              "steps": [
                {
                  "color": "green",
                  "value": null
                },
                {
                  "color": "red",
                  "value": 80
                }
              ]
            },
            "unit": "bytes"
          },
          "overrides": []
        },
        "gridPos": {
          "h": 3,
          "w": 4,
          "x": 4,
          "y": 21
        },
        "id": 13,
        "links": [],
        "maxDataPoints": 100,
        "options": {
          "colorMode": "none",
          "graphMode": "none",
          "justifyMode": "auto",
          "orientation": "horizontal",
          "reduceOptions": {
            "calcs": [
              "lastNotNull"
            ],
            "fields": "",
            "values": false
          },
          "text": {},
          "textMode": "auto"
        },
        "pluginVersion": "9.1.5",
        "targets": [
          {
            "datasource": {
              "type": "prometheus",
              "uid": "PBFA97CFB590B2093"
            },
            "exemplar": true,
            "expr": "sum(node_filesystem_size_bytes) - sum(node_filesystem_avail_bytes)",
            "format": "time_series",
            "interval": "10s",
            "intervalFactor": 1,
            "legendFormat": "",
            "refId": "A",
            "step": 10
          }
        ],
        "title": "Used",
        "type": "stat"
      },
      {
        "datasource": {
          "type": "prometheus",
          "uid": "PBFA97CFB590B2093"
        },
        "fieldConfig": {
          "defaults": {
            "color": {
              "mode": "thresholds"
            },
            "decimals": 2,
            "mappings": [
              {
                "options": {
                  "match": "null",
                  "result": {
                    "text": "N/A"
                  }
                },
                "type": "special"
              }
            ],
            "min": 1,
            "thresholds": {
              "mode": "absolute",
              "steps": [
                {
                  "color": "green",
                  "value": null
                },
                {
                  "color": "red",
                  "value": 80
                }
              ]
            },
            "unit": "bytes"
          },
          "overrides": []
        },
        "gridPos": {
          "h": 3,
          "w": 4,
          "x": 8,
          "y": 21
        },
        "id": 58,
        "links": [],
        "maxDataPoints": 100,
        "options": {
          "colorMode": "none",
          "graphMode": "none",
          "justifyMode": "auto",
          "orientation": "horizontal",
          "reduceOptions": {
            "calcs": [
              "lastNotNull"
            ],
            "fields": "",
            "values": false
          },
          "text": {},
          "textMode": "auto"
        },
        "pluginVersion": "9.1.5",
        "targets": [
          {
            "datasource": {
              "type": "prometheus",
              "uid": "PBFA97CFB590B2093"
            },
            "exemplar": true,
            "expr": "sum(node_filesystem_avail_bytes{device=~\"/dev/.*\"})",
            "format": "time_series",
            "interval": "10s",
            "intervalFactor": 1,
            "legendFormat": "",
            "refId": "A",
            "step": 10
          }
        ],
        "title": "Free",
        "type": "stat"
      },
      {
        "datasource": {
          "type": "prometheus",
          "uid": "PBFA97CFB590B2093"
        },
        "fieldConfig": {
          "defaults": {
            "color": {
              "mode": "thresholds"
            },
            "decimals": 2,
            "mappings": [
              {
                "options": {
                  "match": "null",
                  "result": {
                    "text": "N/A"
                  }
                },
                "type": "special"
              }
            ],
            "thresholds": {
              "mode": "absolute",
              "steps": [
                {
                  "color": "green",
                  "value": null
                },
                {
                  "color": "red",
                  "value": 80
                }
              ]
            },
            "unit": "bytes"
          },
          "overrides": []
        },
        "gridPos": {
          "h": 3,
          "w": 4,
          "x": 8,
          "y": 24
        },
        "id": 14,
        "links": [],
        "maxDataPoints": 100,
        "options": {
          "colorMode": "none",
          "graphMode": "none",
          "justifyMode": "auto",
          "orientation": "horizontal",
          "reduceOptions": {
            "calcs": [
              "lastNotNull"
            ],
            "fields": "",
            "values": false
          },
          "text": {},
          "textMode": "auto"
        },
        "pluginVersion": "9.1.5",
        "targets": [
          {
            "datasource": {
              "type": "prometheus",
              "uid": "PBFA97CFB590B2093"
            },
            "exemplar": true,
            "expr": "sum(node_filesystem_size_bytes)",
            "format": "time_series",
            "interval": "10s",
            "intervalFactor": 1,
            "legendFormat": "",
            "refId": "A",
            "step": 10
          }
        ],
        "title": "Total",
        "type": "stat"
      },
      {
        "collapsed": false,
        "datasource": {
          "type": "loki",
          "uid": "P8E80F9AEF21F6940"
        },
        "gridPos": {
          "h": 1,
          "w": 24,
          "x": 0,
          "y": 27
        },
        "id": 52,
        "panels": [],
        "targets": [
          {
            "datasource": {
              "type": "loki",
              "uid": "P8E80F9AEF21F6940"
            },
            "refId": "A"
          }
        ],
        "title": "Load Average",
        "type": "row"
      },
      {
        "aliasColors": {},
        "bars": false,
        "dashLength": 10,
        "dashes": false,
        "datasource": {
          "type": "prometheus",
          "uid": "PBFA97CFB590B2093"
        },
        "description": "This Panel will show Load Average of 1m, 5m and 15m.",
        "fill": 2,
        "fillGradient": 1,
        "gridPos": {
          "h": 6,
          "w": 24,
          "x": 0,
          "y": 28
        },
        "hiddenSeries": false,
        "id": 50,
        "legend": {
          "avg": false,
          "current": false,
          "max": false,
          "min": false,
          "show": true,
          "total": false,
          "values": false
        },
        "lines": true,
        "linewidth": 2,
        "nullPointMode": "null",
        "options": {
          "alertThreshold": true
        },
        "percentage": false,
        "pluginVersion": "9.1.5",
        "pointradius": 2,
        "points": false,
        "renderer": "flot",
        "seriesOverrides": [],
        "spaceLength": 10,
        "stack": false,
        "steppedLine": false,
        "targets": [
          {
            "datasource": {
              "type": "prometheus",
              "uid": "PBFA97CFB590B2093"
            },
            "exemplar": true,
            "expr": "node_load1{kubernetes_node=~\".*\"}",
            "interval": "",
            "legendFormat": "Load 1m  {{kubernetes_node}}",
            "refId": "A"
          },
          {
            "datasource": {
              "type": "prometheus",
              "uid": "PBFA97CFB590B2093"
            },
            "exemplar": true,
            "expr": "node_load5{kubernetes_node=~\".*\"}",
            "hide": false,
            "interval": "",
            "legendFormat": "Load 5m  {{kubernetes_node}}",
            "refId": "B"
          },
          {
            "datasource": {
              "type": "prometheus",
              "uid": "PBFA97CFB590B2093"
            },
            "exemplar": true,
            "expr": "node_load15{kubernetes_node=~\".*\"}",
            "hide": false,
            "interval": "",
            "legendFormat": "Load 15m  {{kubernetes_node}}",
            "refId": "C"
          }
        ],
        "thresholds": [],
        "timeRegions": [],
        "title": "Load Average",
        "tooltip": {
          "shared": true,
          "sort": 0,
          "value_type": "individual"
        },
        "type": "graph",
        "xaxis": {
          "mode": "time",
          "show": true,
          "values": []
        },
        "yaxes": [
          {
            "format": "short",
            "logBase": 1,
            "show": true
          },
          {
            "format": "short",
            "logBase": 1,
            "show": true
          }
        ],
        "yaxis": {
          "align": false
        }
      },
      {
        "collapsed": false,
        "datasource": {
          "type": "prometheus",
          "uid": "PBFA97CFB590B2093"
        },
        "gridPos": {
          "h": 1,
          "w": 24,
          "x": 0,
          "y": 34
        },
        "id": 33,
        "panels": [],
        "targets": [
          {
            "datasource": {
              "type": "prometheus",
              "uid": "PBFA97CFB590B2093"
            },
            "refId": "A"
          }
        ],
        "title": "Network I/O",
        "type": "row"
      },
      {
        "datasource": {
          "type": "prometheus",
          "uid": "PBFA97CFB590B2093"
        },
        "fieldConfig": {
          "defaults": {
            "color": {
              "mode": "palette-classic"
            },
            "custom": {
              "axisCenteredZero": false,
              "axisColorMode": "text",
              "axisLabel": "bytes/sec",
              "axisPlacement": "left",
              "barAlignment": 0,
              "drawStyle": "line",
              "fillOpacity": 20,
              "gradientMode": "none",
              "hideFrom": {
                "legend": false,
                "tooltip": false,
                "viz": false
              },
              "lineInterpolation": "linear",
              "lineWidth": 2,
              "pointSize": 5,
              "scaleDistribution": {
                "type": "linear"
              },
              "showPoints": "never",
              "spanNulls": false,
              "stacking": {
                "group": "A",
                "mode": "none"
              },
              "thresholdsStyle": {
                "mode": "off"
              }
            },
            "links": [],
            "mappings": [],
            "min": 0,
            "thresholds": {
              "mode": "absolute",
              "steps": [
                {
                  "color": "green",
                  "value": null
                },
                {
                  "color": "red",
                  "value": 80
                }
              ]
            },
            "unit": "Bps"
          },
          "overrides": []
        },
        "gridPos": {
          "h": 7,
          "w": 24,
          "x": 0,
          "y": 35
        },
        "id": 32,
        "links": [],
        "options": {
          "legend": {
            "calcs": [
              "min",
              "max",
              "mean",
              "lastNotNull"
            ],
            "displayMode": "table",
            "placement": "bottom",
            "showLegend": true
          },
          "tooltip": {
            "mode": "single",
            "sort": "none"
          }
        },
        "pluginVersion": "8.1.6",
        "targets": [
          {
            "datasource": {
              "type": "prometheus",
              "uid": "PBFA97CFB590B2093"
            },
            "exemplar": true,
            "expr": "sum(rate(node_network_receive_bytes_total{kubernetes_io_hostname=~\"^$Node$\"}[$interval]))",
            "format": "time_series",
            "hide": true,
            "interval": "10s",
            "intervalFactor": 1,
            "legendFormat": "Received",
            "metric": "network",
            "refId": "A",
            "step": 10
          },
          {
            "datasource": {
              "type": "prometheus",
              "uid": "PBFA97CFB590B2093"
            },
            "exemplar": true,
            "expr": "sum(rate(node_network_transmit_bytes_total{kubernetes_io_hostname=~\"^$Node$\"}[$interval]))",
            "format": "time_series",
            "hide": false,
            "interval": "10s",
            "intervalFactor": 1,
            "legendFormat": "Received Bytes",
            "metric": "network",
            "refId": "B",
            "step": 10
          },
          {
            "datasource": {
              "type": "prometheus",
              "uid": "PBFA97CFB590B2093"
            },
            "exemplar": true,
            "expr": "sum(rate(node_network_receive_bytes_total{kubernetes_io_hostname=~\"^$Node$\"}[$interval]))",
            "hide": false,
            "interval": "",
            "legendFormat": "Transmit Bytes",
            "refId": "C"
          }
        ],
        "title": "Pods Network I/O Pressure ($interval avg)",
        "type": "timeseries"
      }
    ],
    "refresh": "10s",
    "schemaVersion": 37,
    "style": "dark",
    "tags": [
      "k8s"
    ],
    "templating": {
      "list": [
        {
          "auto": true,
          "auto_count": 20,
          "auto_min": "2m",
          "current": {
            "selected": false,
            "text": "auto",
            "value": "$_auto_interval_interval"
          },
          "hide": 2,
          "name": "interval",
          "options": [
            {
              "selected": true,
              "text": "auto",
              "value": "$_auto_interval_interval"
            },
            {
              "selected": false,
              "text": "1m",
              "value": "1m"
            },
            {
              "selected": false,
              "text": "10m",
              "value": "10m"
            },
            {
              "selected": false,
              "text": "30m",
              "value": "30m"
            },
            {
              "selected": false,
              "text": "1h",
              "value": "1h"
            },
            {
              "selected": false,
              "text": "6h",
              "value": "6h"
            },
            {
              "selected": false,
              "text": "12h",
              "value": "12h"
            },
            {
              "selected": false,
              "text": "1d",
              "value": "1d"
            },
            {
              "selected": false,
              "text": "7d",
              "value": "7d"
            },
            {
              "selected": false,
              "text": "14d",
              "value": "14d"
            },
            {
              "selected": false,
              "text": "30d",
              "value": "30d"
            }
          ],
          "query": "1m,10m,30m,1h,6h,12h,1d,7d,14d,30d",
          "refresh": 2,
          "skipUrlSync": false,
          "type": "interval"
        },
        {
          "current": {
            "selected": false,
            "text": "Prometheus",
            "value": "Prometheus"
          },
          "hide": 0,
          "includeAll": false,
          "multi": false,
          "name": "datasource",
          "options": [],
          "query": "prometheus",
          "refresh": 1,
          "regex": "",
          "skipUrlSync": false,
          "type": "datasource"
        },
        {
          "allValue": ".*",
          "current": {
            "selected": false,
            "text": "All",
            "value": "$_all"
          },
          "datasource": {
            "type": "prometheus",
            "uid": "PBFA97CFB590B2093"
          },
          "definition": "",
          "hide": 0,
          "includeAll": true,
          "multi": false,
          "name": "Node",
          "options": [],
          "query": {
            "query": "label_values(kubernetes_io_hostname)",
            "refId": "Prometheus-Node-Variable-Query"
          },
          "refresh": 1,
          "regex": "",
          "skipUrlSync": false,
          "sort": 0,
          "tagValuesQuery": "",
          "tagsQuery": "",
          "type": "query",
          "useTags": false
        }
      ]
    },
    "time": {
      "from": "now-15m",
      "to": "now"
    },
    "timepicker": {
      "refresh_intervals": [
        "10s",
        "30s",
        "1m",
        "5m",
        "15m",
        "30m",
        "1h",
        "2h",
        "1d"
      ],
      "time_options": [
        "5m",
        "15m",
        "1h",
        "6h",
        "12h",
        "24h",
        "2d",
        "7d",
        "30d"
      ]
    },
    "timezone": "browser",
    "title": "01. Server",
    "uid": "server",
    "version": 1,
    "weekStart": ""
  },
  "overwrite": true,
  "inputs": [],
  "folderUid": ""
}
