{
    "annotations": {
      "list": [
        {
          "builtIn": 1,
          "datasource": {
            "type": "grafana",
            "uid": "-- Grafana --"
          },
          "enable": true,
          "hide": true,
          "iconColor": "rgba(0, 211, 255, 1)",
          "name": "Annotations & Alerts",
          "target": {
            "limit": 100,
            "matchAny": false,
            "tags": [],
            "type": "dashboard"
          },
          "type": "dashboard"
        }
      ]
    },
    "description": "A simple overview of the most important Docker host and container metrics. (cAdvisor/Prometheus)",
    "editable": true,
    "fiscalYearStartMonth": 0,
    "gnetId": 893,
    "graphTooltip": 1,
    "id": 1,
    "links": [],
    "liveNow": false,
    "panels": [
      {
        "datasource": {
          "type": "prometheus",
          "uid": "${Datasource}"
        },
        "fieldConfig": {
          "defaults": {
            "color": {
              "mode": "thresholds"
            },
            "decimals": 0,
            "mappings": [
              {
                "options": {
                  "match": "null",
                  "result": {
                    "text": "N/A"
                  }
                },
                "type": "special"
              }
            ],
            "thresholds": {
              "mode": "absolute",
              "steps": [
                {
                  "color": "green",
                  "value": null
                },
                {
                  "color": "red",
                  "value": 80
                }
              ]
            },
            "unit": "s"
          },
          "overrides": []
        },
        "gridPos": {
          "h": 4,
          "w": 8,
          "x": 0,
          "y": 0
        },
        "id": 24,
        "links": [],
        "maxDataPoints": 100,
        "options": {
          "colorMode": "none",
          "graphMode": "none",
          "justifyMode": "auto",
          "orientation": "horizontal",
          "reduceOptions": {
            "calcs": [
              "lastNotNull"
            ],
            "fields": "",
            "values": false
          },
          "textMode": "auto"
        },
        "pluginVersion": "9.3.6",
        "targets": [
          {
            "datasource": {
              "type": "prometheus",
              "uid": "${Datasource}"
            },
            "editorMode": "code",
            "expr": "time() - node_boot_time_seconds{instance=~\"$server:.*\"}",
            "hide": false,
            "intervalFactor": 2,
            "legendFormat": "",
            "range": true,
            "refId": "A",
            "step": 1800
          }
        ],
        "title": "Uptime",
        "type": "stat"
      },
      {
        "datasource": {
          "type": "prometheus",
          "uid": "${Datasource}"
        },
        "fieldConfig": {
          "defaults": {
            "color": {
              "mode": "thresholds"
            },
            "decimals": 1,
            "mappings": [
              {
                "options": {
                  "match": "null",
                  "result": {
                    "text": "N/A"
                  }
                },
                "type": "special"
              }
            ],
            "max": 1,
            "min": 0,
            "thresholds": {
              "mode": "absolute",
              "steps": [
                {
                  "color": "rgba(50, 172, 45, 0.97)",
                  "value": null
                },
                {
                  "color": "rgba(237, 129, 40, 0.89)",
                  "value": 0.75
                },
                {
                  "color": "rgba(245, 54, 54, 0.9)",
                  "value": 0.9
                }
              ]
            },
            "unit": "percentunit"
          },
          "overrides": []
        },
        "gridPos": {
          "h": 4,
          "w": 4,
          "x": 8,
          "y": 0
        },
        "id": 26,
        "links": [],
        "maxDataPoints": 100,
        "options": {
          "orientation": "horizontal",
          "reduceOptions": {
            "calcs": [
              "lastNotNull"
            ],
            "fields": "",
            "values": false
          },
          "showThresholdLabels": false,
          "showThresholdMarkers": true
        },
        "pluginVersion": "9.3.6",
        "targets": [
          {
            "datasource": {
              "type": "prometheus",
              "uid": "${Datasource}"
            },
            "editorMode": "code",
            "expr": "min((node_filesystem_size_bytes{fstype=~\"xfs|ext4\",instance=~\"$server:.*\"} - node_filesystem_free_bytes{fstype=~\"xfs|ext4\",instance=~\"$server:.*\"} )/ node_filesystem_size_bytes{fstype=~\"xfs|ext4\",instance=~\"$server:.*\"})",
            "hide": false,
            "intervalFactor": 2,
            "range": true,
            "refId": "A",
            "step": 1800
          }
        ],
        "title": "Disk space",
        "type": "gauge"
      },
      {
        "datasource": {
          "type": "prometheus",
          "uid": "${Datasource}"
        },
        "fieldConfig": {
          "defaults": {
            "color": {
              "mode": "thresholds"
            },
            "decimals": 0,
            "mappings": [
              {
                "options": {
                  "match": "null",
                  "result": {
                    "text": "N/A"
                  }
                },
                "type": "special"
              }
            ],
            "max": 100,
            "min": 0,
            "thresholds": {
              "mode": "absolute",
              "steps": [
                {
                  "color": "rgba(50, 172, 45, 0.97)",
                  "value": null
                },
                {
                  "color": "rgba(237, 129, 40, 0.89)",
                  "value": 70
                },
                {
                  "color": "rgba(245, 54, 54, 0.9)",
                  "value": 90
                }
              ]
            },
            "unit": "percent"
          },
          "overrides": []
        },
        "gridPos": {
          "h": 4,
          "w": 4,
          "x": 12,
          "y": 0
        },
        "id": 25,
        "links": [],
        "maxDataPoints": 100,
        "options": {
          "orientation": "horizontal",
          "reduceOptions": {
            "calcs": [
              "lastNotNull"
            ],
            "fields": "",
            "values": false
          },
          "showThresholdLabels": false,
          "showThresholdMarkers": true
        },
        "pluginVersion": "9.3.6",
        "targets": [
          {
            "datasource": {
              "type": "prometheus",
              "uid": "${Datasource}"
            },
            "editorMode": "code",
            "expr": "((node_memory_MemTotal_bytes{instance=~\"$server:.*\"} - node_memory_MemAvailable_bytes{instance=~\"$server:.*\"}) / node_memory_MemTotal_bytes{instance=~\"$server:.*\"}) * 100",
            "intervalFactor": 2,
            "range": true,
            "refId": "A",
            "step": 1800
          }
        ],
        "title": "Memory",
        "type": "gauge"
      },
      {
        "datasource": {
          "type": "prometheus",
          "uid": "${Datasource}"
        },
        "fieldConfig": {
          "defaults": {
            "color": {
              "mode": "thresholds"
            },
            "decimals": 0,
            "mappings": [
              {
                "options": {
                  "match": "null",
                  "result": {
                    "text": "N/A"
                  }
                },
                "type": "special"
              }
            ],
            "max": 500000000,
            "min": 0,
            "thresholds": {
              "mode": "absolute",
              "steps": [
                {
                  "color": "rgba(50, 172, 45, 0.97)",
                  "value": null
                },
                {
                  "color": "rgba(237, 129, 40, 0.89)",
                  "value": 400000000
                },
                {
                  "color": "rgba(245, 54, 54, 0.9)"
                }
              ]
            },
            "unit": "decbytes"
          },
          "overrides": []
        },
        "gridPos": {
          "h": 4,
          "w": 4,
          "x": 16,
          "y": 0
        },
        "id": 30,
        "links": [],
        "maxDataPoints": 100,
        "options": {
          "orientation": "horizontal",
          "reduceOptions": {
            "calcs": [
              "lastNotNull"
            ],
            "fields": "",
            "values": false
          },
          "showThresholdLabels": false,
          "showThresholdMarkers": true
        },
        "pluginVersion": "9.3.6",
        "targets": [
          {
            "datasource": {
              "type": "prometheus",
              "uid": "${Datasource}"
            },
            "editorMode": "code",
            "expr": "(node_memory_SwapTotal_bytes{instance=~'$server:.*'} - node_memory_SwapFree_bytes{instance=~'$server:.*'})",
            "intervalFactor": 2,
            "legendFormat": "",
            "range": true,
            "refId": "A",
            "step": 1800
          }
        ],
        "title": "Swap",
        "type": "gauge"
      },
      {
        "datasource": {
          "type": "prometheus",
          "uid": "${Datasource}"
        },
        "fieldConfig": {
          "defaults": {
            "color": {
              "fixedColor": "rgb(69, 193, 31)",
              "mode": "fixed"
            },
            "decimals": 0,
            "mappings": [
              {
                "options": {
                  "match": "null",
                  "result": {
                    "text": "N/A"
                  }
                },
                "type": "special"
              }
            ],
            "thresholds": {
              "mode": "absolute",
              "steps": [
                {
                  "color": "rgba(245, 54, 54, 0.9)",
                  "value": null
                },
                {
                  "color": "rgba(237, 129, 40, 0.89)",
                  "value": 0.8
                },
                {
                  "color": "rgba(50, 172, 45, 0.97)",
                  "value": 0.9
                }
              ]
            },
            "unit": "percentunit"
          },
          "overrides": []
        },
        "gridPos": {
          "h": 4,
          "w": 4,
          "x": 20,
          "y": 0
        },
        "id": 27,
        "links": [],
        "maxDataPoints": 100,
        "options": {
          "colorMode": "none",
          "graphMode": "area",
          "justifyMode": "auto",
          "orientation": "horizontal",
          "reduceOptions": {
            "calcs": [
              "mean"
            ],
            "fields": "",
            "values": false
          },
          "textMode": "auto"
        },
        "pluginVersion": "9.3.6",
        "targets": [
          {
            "datasource": {
              "type": "prometheus",
              "uid": "${Datasource}"
            },
            "editorMode": "code",
            "expr": "node_load1{instance=~\"$server:.*\"} / count by(job, instance)(count by(job, instance, cpu)(node_cpu_seconds_total{instance=~\"$server:.*\"}))",
            "intervalFactor": 2,
            "range": true,
            "refId": "A",
            "step": 1800
          }
        ],
        "title": "Load",
        "type": "stat"
      },
      {
        "aliasColors": {
          "SENT": "#BF1B00"
        },
        "bars": false,
        "dashLength": 10,
        "dashes": false,
        "datasource": {
          "type": "prometheus",
          "uid": "${Datasource}"
        },
        "editable": true,
        "error": false,
        "fill": 1,
        "fillGradient": 0,
        "grid": {},
        "gridPos": {
          "h": 6,
          "w": 4,
          "x": 0,
          "y": 4
        },
        "hiddenSeries": false,
        "id": 19,
        "legend": {
          "avg": false,
          "current": false,
          "max": false,
          "min": false,
          "show": false,
          "total": false,
          "values": false
        },
        "lines": true,
        "linewidth": 1,
        "links": [],
        "nullPointMode": "null as zero",
        "options": {
          "alertThreshold": true
        },
        "percentage": false,
        "pluginVersion": "9.3.6",
        "pointradius": 1,
        "points": false,
        "renderer": "flot",
        "seriesOverrides": [],
        "spaceLength": 10,
        "stack": false,
        "steppedLine": false,
        "targets": [
          {
            "datasource": {
              "type": "prometheus",
              "uid": "${Datasource}"
            },
            "editorMode": "code",
            "expr": "sum(rate(dockerstats_network_received_bytes{name=~\".*\"}[$interval])) by (name)",
            "intervalFactor": 2,
            "legendFormat": "RECEIVED: {{name}}",
            "range": true,
            "refId": "A",
            "step": 600
          },
          {
            "datasource": {
              "type": "prometheus",
              "uid": "${Datasource}"
            },
            "editorMode": "code",
            "expr": "sum(rate(dockerstats_network_transmitted_bytes{name=\".*\"}[$interval])) by (name)",
            "hide": false,
            "intervalFactor": 2,
            "legendFormat": "SENT: {{name}}",
            "range": true,
            "refId": "B",
            "step": 600
          }
        ],
        "thresholds": [],
        "timeRegions": [],
        "title": "Network Traffic",
        "tooltip": {
          "msResolution": true,
          "shared": true,
          "sort": 0,
          "value_type": "cumulative"
        },
        "type": "graph",
        "xaxis": {
          "mode": "time",
          "show": false,
          "values": []
        },
        "yaxes": [
          {
            "format": "bytes",
            "logBase": 1,
            "show": true
          },
          {
            "format": "short",
            "logBase": 1,
            "show": false
          }
        ],
        "yaxis": {
          "align": false
        }
      },
      {
        "aliasColors": {
          "{id=\"/\",instance=\"cadvisor:8080\",job=\"prometheus\"}": "#BA43A9"
        },
        "bars": false,
        "dashLength": 10,
        "dashes": false,
        "datasource": {
          "type": "prometheus",
          "uid": "${Datasource}"
        },
        "editable": true,
        "error": false,
        "fill": 1,
        "fillGradient": 0,
        "grid": {},
        "gridPos": {
          "h": 6,
          "w": 4,
          "x": 4,
          "y": 4
        },
        "hiddenSeries": false,
        "id": 5,
        "legend": {
          "avg": false,
          "current": false,
          "max": false,
          "min": false,
          "show": false,
          "total": false,
          "values": false
        },
        "lines": true,
        "linewidth": 1,
        "links": [],
        "nullPointMode": "null as zero",
        "options": {
          "alertThreshold": true
        },
        "percentage": false,
        "pluginVersion": "9.3.6",
        "pointradius": 5,
        "points": false,
        "renderer": "flot",
        "seriesOverrides": [],
        "spaceLength": 10,
        "stack": true,
        "steppedLine": false,
        "targets": [
          {
            "datasource": {
              "type": "prometheus",
              "uid": "${Datasource}"
            },
            "expr": "sum(rate(container_cpu_system_seconds_total[1m]))",
            "hide": true,
            "intervalFactor": 2,
            "legendFormat": "a",
            "refId": "B",
            "step": 120
          },
          {
            "datasource": {
              "type": "prometheus",
              "uid": "${Datasource}"
            },
            "expr": "sum(rate(container_cpu_system_seconds_total{name=~\".+\"}[1m]))",
            "hide": true,
            "interval": "",
            "intervalFactor": 2,
            "legendFormat": "nur container",
            "refId": "F",
            "step": 10
          },
          {
            "datasource": {
              "type": "prometheus",
              "uid": "${Datasource}"
            },
            "expr": "sum(rate(container_cpu_system_seconds_total{id=\"/\"}[1m]))",
            "hide": true,
            "interval": "",
            "intervalFactor": 2,
            "legendFormat": "nur docker host",
            "metric": "",
            "refId": "A",
            "step": 20
          },
          {
            "datasource": {
              "type": "prometheus",
              "uid": "${Datasource}"
            },
            "editorMode": "code",
            "expr": "sum(rate(process_cpu_seconds_total[$interval])) * 100",
            "hide": false,
            "interval": "",
            "intervalFactor": 2,
            "legendFormat": "host",
            "metric": "",
            "range": true,
            "refId": "C",
            "step": 600
          },
          {
            "datasource": {
              "type": "prometheus",
              "uid": "${Datasource}"
            },
            "expr": "sum(rate(container_cpu_system_seconds_total{name=~\".+\"}[1m])) + sum(rate(container_cpu_system_seconds_total{id=\"/\"}[1m])) + sum(rate(process_cpu_seconds_total[1m]))",
            "hide": true,
            "intervalFactor": 2,
            "legendFormat": "",
            "refId": "D",
            "step": 120
          }
        ],
        "thresholds": [],
        "timeRegions": [],
        "title": "CPU Usage",
        "tooltip": {
          "msResolution": true,
          "shared": true,
          "sort": 0,
          "value_type": "cumulative"
        },
        "type": "graph",
        "xaxis": {
          "mode": "time",
          "show": false,
          "values": []
        },
        "yaxes": [
          {
            "format": "percent",
            "label": "",
            "logBase": 1,
            "show": true
          },
          {
            "format": "short",
            "logBase": 1,
            "show": false
          }
        ],
        "yaxis": {
          "align": false
        }
      },
      {
        "alert": {
          "conditions": [
            {
              "evaluator": {
                "params": [
                  1.25
                ],
                "type": "gt"
              },
              "query": {
                "params": [
                  "A",
                  "5m",
                  "now"
                ]
              },
              "reducer": {
                "params": [],
                "type": "avg"
              },
              "type": "query"
            }
          ],
          "executionErrorState": "alerting",
          "frequency": "60s",
          "handler": 1,
          "name": "Panel Title alert",
          "noDataState": "keep_state",
          "notifications": [
            {
              "id": 1
            }
          ]
        },
        "aliasColors": {},
        "bars": false,
        "dashLength": 10,
        "dashes": false,
        "datasource": {
          "type": "prometheus",
          "uid": "${Datasource}"
        },
        "decimals": 0,
        "editable": true,
        "error": false,
        "fill": 1,
        "fillGradient": 0,
        "gridPos": {
          "h": 6,
          "w": 4,
          "x": 8,
          "y": 4
        },
        "hiddenSeries": false,
        "id": 28,
        "legend": {
          "avg": false,
          "current": false,
          "max": false,
          "min": false,
          "show": false,
          "total": false,
          "values": false
        },
        "lines": true,
        "linewidth": 1,
        "links": [],
        "nullPointMode": "connected",
        "options": {
          "alertThreshold": true
        },
        "percentage": false,
        "pluginVersion": "9.3.6",
        "pointradius": 5,
        "points": false,
        "renderer": "flot",
        "seriesOverrides": [],
        "spaceLength": 10,
        "stack": false,
        "steppedLine": false,
        "targets": [
          {
            "datasource": {
              "type": "prometheus",
              "uid": "${Datasource}"
            },
            "editorMode": "code",
            "expr": "node_load1{instance=~\"$server:.*\"} / count by(job, instance)(count by(job, instance, cpu)(node_cpu_seconds_total{instance=~\"$server:.*\"}))",
            "intervalFactor": 2,
            "range": true,
            "refId": "A",
            "step": 600
          }
        ],
        "thresholds": [
          {
            "colorMode": "critical",
            "fill": true,
            "line": true,
            "op": "gt",
            "value": 1.25
          }
        ],
        "timeRegions": [],
        "title": "Load",
        "tooltip": {
          "msResolution": false,
          "shared": true,
          "sort": 0,
          "value_type": "individual"
        },
        "type": "graph",
        "xaxis": {
          "mode": "time",
          "show": false,
          "values": []
        },
        "yaxes": [
          {
            "format": "percentunit",
            "logBase": 1,
            "max": "1.50",
            "show": true
          },
          {
            "format": "short",
            "logBase": 1,
            "show": false
          }
        ],
        "yaxis": {
          "align": false
        }
      },
      {
        "alert": {
          "conditions": [
            {
              "evaluator": {
                "params": [
                  850000000000
                ],
                "type": "gt"
              },
              "query": {
                "params": [
                  "A",
                  "5m",
                  "now"
                ]
              },
              "reducer": {
                "params": [],
                "type": "avg"
              },
              "type": "query"
            }
          ],
          "executionErrorState": "alerting",
          "frequency": "60s",
          "handler": 1,
          "name": "Free/Used Disk Space alert",
          "noDataState": "keep_state",
          "notifications": [
            {
              "id": 1
            }
          ]
        },
        "aliasColors": {
          "Belegete Festplatte": "#BF1B00",
          "Free Disk Space": "#7EB26D",
          "Used Disk Space": "#7EB26D",
          "{}": "#BF1B00"
        },
        "bars": false,
        "dashLength": 10,
        "dashes": false,
        "datasource": {
          "type": "prometheus",
          "uid": "${Datasource}"
        },
        "editable": true,
        "error": false,
        "fill": 1,
        "fillGradient": 0,
        "grid": {},
        "gridPos": {
          "h": 6,
          "w": 4,
          "x": 12,
          "y": 4
        },
        "hiddenSeries": false,
        "id": 13,
        "legend": {
          "avg": false,
          "current": false,
          "max": false,
          "min": false,
          "show": false,
          "total": false,
          "values": false
        },
        "lines": true,
        "linewidth": 1,
        "links": [],
        "nullPointMode": "null as zero",
        "options": {
          "alertThreshold": true
        },
        "percentage": false,
        "pluginVersion": "9.3.6",
        "pointradius": 5,
        "points": false,
        "renderer": "flot",
        "seriesOverrides": [
          {
            "alias": "Used Disk Space",
            "yaxis": 1
          }
        ],
        "spaceLength": 10,
        "stack": true,
        "steppedLine": false,
        "targets": [
          {
            "datasource": {
              "type": "prometheus",
              "uid": "${Datasource}"
            },
            "editorMode": "code",
            "expr": "node_filesystem_size_bytes{fstype=\"ext4\"} - node_filesystem_free_bytes{fstype=\"ext4\"}",
            "hide": false,
            "intervalFactor": 2,
            "legendFormat": "Used Disk Space",
            "range": true,
            "refId": "A",
            "step": 600
          }
        ],
        "thresholds": [
          {
            "colorMode": "critical",
            "fill": true,
            "line": true,
            "op": "gt",
            "value": 850000000000
          }
        ],
        "timeRegions": [],
        "title": "Used Disk Space",
        "tooltip": {
          "msResolution": true,
          "shared": true,
          "sort": 0,
          "value_type": "individual"
        },
        "type": "graph",
        "xaxis": {
          "mode": "time",
          "show": false,
          "values": []
        },
        "yaxes": [
          {
            "format": "bytes",
            "label": "",
            "logBase": 1,
            "max": 1000000000000,
            "min": 0,
            "show": true
          },
          {
            "format": "short",
            "logBase": 1,
            "show": false
          }
        ],
        "yaxis": {
          "align": false
        }
      },
      {
        "alert": {
          "conditions": [
            {
              "evaluator": {
                "params": [
                  10000000000
                ],
                "type": "gt"
              },
              "query": {
                "params": [
                  "A",
                  "5m",
                  "now"
                ]
              },
              "reducer": {
                "params": [],
                "type": "avg"
              },
              "type": "query"
            }
          ],
          "executionErrorState": "alerting",
          "frequency": "60s",
          "handler": 1,
          "name": "Available Memory alert",
          "noDataState": "keep_state",
          "notifications": [
            {
              "id": 1
            }
          ]
        },
        "aliasColors": {
          "Available Memory": "#7EB26D",
          "Unavailable Memory": "#7EB26D"
        },
        "bars": false,
        "dashLength": 10,
        "dashes": false,
        "datasource": {
          "type": "prometheus",
          "uid": "${Datasource}"
        },
        "editable": true,
        "error": false,
        "fill": 1,
        "fillGradient": 0,
        "grid": {},
        "gridPos": {
          "h": 6,
          "w": 4,
          "x": 16,
          "y": 4
        },
        "hiddenSeries": false,
        "id": 20,
        "legend": {
          "avg": false,
          "current": false,
          "max": false,
          "min": false,
          "show": false,
          "total": false,
          "values": false
        },
        "lines": true,
        "linewidth": 1,
        "links": [],
        "nullPointMode": "null as zero",
        "options": {
          "alertThreshold": true
        },
        "percentage": false,
        "pluginVersion": "9.3.6",
        "pointradius": 5,
        "points": false,
        "renderer": "flot",
        "seriesOverrides": [],
        "spaceLength": 10,
        "stack": true,
        "steppedLine": false,
        "targets": [
          {
            "datasource": {
              "type": "prometheus",
              "uid": "${Datasource}"
            },
            "editorMode": "code",
            "expr": "container_memory_rss{name=~\".+\"}",
            "hide": true,
            "intervalFactor": 2,
            "legendFormat": "{{__name__}}",
            "range": true,
            "refId": "D",
            "step": 20
          },
          {
            "datasource": {
              "type": "prometheus",
              "uid": "${Datasource}"
            },
            "expr": "sum(container_memory_rss{name=~\".+\"})",
            "hide": true,
            "intervalFactor": 2,
            "legendFormat": "{{__name__}}",
            "refId": "A",
            "step": 20
          },
          {
            "datasource": {
              "type": "prometheus",
              "uid": "${Datasource}"
            },
            "expr": "container_memory_usage_bytes{name=~\".+\"}",
            "hide": true,
            "intervalFactor": 2,
            "legendFormat": "{{name}}",
            "refId": "B",
            "step": 20
          },
          {
            "datasource": {
              "type": "prometheus",
              "uid": "${Datasource}"
            },
            "expr": "container_memory_rss{id=\"/\"}",
            "hide": true,
            "intervalFactor": 2,
            "legendFormat": "{{__name__}}",
            "refId": "C",
            "step": 20
          },
          {
            "datasource": {
              "type": "prometheus",
              "uid": "${Datasource}"
            },
            "expr": "sum(container_memory_rss)",
            "hide": true,
            "intervalFactor": 2,
            "legendFormat": "{{__name__}}",
            "refId": "E",
            "step": 20
          },
          {
            "datasource": {
              "type": "prometheus",
              "uid": "${Datasource}"
            },
            "expr": "node_memory_Buffers",
            "hide": true,
            "intervalFactor": 2,
            "legendFormat": "node_memory_Dirty",
            "refId": "N",
            "step": 30
          },
          {
            "datasource": {
              "type": "prometheus",
              "uid": "${Datasource}"
            },
            "expr": "node_memory_MemFree",
            "hide": true,
            "intervalFactor": 2,
            "legendFormat": "{{__name__}}",
            "refId": "F",
            "step": 20
          },
          {
            "datasource": {
              "type": "prometheus",
              "uid": "${Datasource}"
            },
            "expr": "node_memory_MemAvailable",
            "hide": true,
            "intervalFactor": 2,
            "legendFormat": "Available Memory",
            "refId": "H",
            "step": 20
          },
          {
            "datasource": {
              "type": "prometheus",
              "uid": "${Datasource}"
            },
            "editorMode": "code",
            "expr": "node_memory_MemTotal_bytes - node_memory_MemAvailable_bytes",
            "hide": false,
            "intervalFactor": 2,
            "legendFormat": "Unavailable Memory",
            "range": true,
            "refId": "G",
            "step": 600
          },
          {
            "datasource": {
              "type": "prometheus",
              "uid": "${Datasource}"
            },
            "expr": "node_memory_Inactive",
            "hide": true,
            "intervalFactor": 2,
            "legendFormat": "{{__name__}}",
            "refId": "I",
            "step": 30
          },
          {
            "datasource": {
              "type": "prometheus",
              "uid": "${Datasource}"
            },
            "expr": "node_memory_KernelStack",
            "hide": true,
            "intervalFactor": 2,
            "legendFormat": "{{__name__}}",
            "refId": "J",
            "step": 30
          },
          {
            "datasource": {
              "type": "prometheus",
              "uid": "${Datasource}"
            },
            "expr": "node_memory_Active",
            "hide": true,
            "intervalFactor": 2,
            "legendFormat": "{{__name__}}",
            "refId": "K",
            "step": 30
          },
          {
            "datasource": {
              "type": "prometheus",
              "uid": "${Datasource}"
            },
            "expr": "node_memory_MemTotal - (node_memory_Active + node_memory_MemFree + node_memory_Inactive)",
            "hide": true,
            "intervalFactor": 2,
            "legendFormat": "Unknown",
            "refId": "L",
            "step": 40
          },
          {
            "datasource": {
              "type": "prometheus",
              "uid": "${Datasource}"
            },
            "expr": "node_memory_MemFree + node_memory_Inactive ",
            "hide": true,
            "intervalFactor": 2,
            "legendFormat": "{{__name__}}",
            "refId": "M",
            "step": 30
          },
          {
            "datasource": {
              "type": "prometheus",
              "uid": "${Datasource}"
            },
            "expr": "container_memory_rss{name=~\".+\"}",
            "hide": true,
            "intervalFactor": 2,
            "legendFormat": "{{__name__}}",
            "refId": "O",
            "step": 30
          },
          {
            "datasource": {
              "type": "prometheus",
              "uid": "${Datasource}"
            },
            "expr": "node_memory_Inactive + node_memory_MemFree + node_memory_MemAvailable",
            "hide": true,
            "intervalFactor": 2,
            "legendFormat": "",
            "refId": "P",
            "step": 40
          }
        ],
        "thresholds": [
          {
            "colorMode": "critical",
            "fill": true,
            "line": true,
            "op": "gt",
            "value": 10000000000
          }
        ],
        "timeRegions": [],
        "title": "Available Memory",
        "tooltip": {
          "msResolution": true,
          "shared": true,
          "sort": 0,
          "value_type": "individual"
        },
        "type": "graph",
        "xaxis": {
          "mode": "time",
          "show": false,
          "values": []
        },
        "yaxes": [
          {
            "format": "bytes",
            "label": "",
            "logBase": 1,
            "max": 16000000000,
            "min": 0,
            "show": true
          },
          {
            "format": "short",
            "logBase": 1,
            "show": false
          }
        ],
        "yaxis": {
          "align": false
        }
      },
      {
        "aliasColors": {
          "IN on /sda": "#7EB26D",
          "OUT on /sda": "#890F02"
        },
        "bars": false,
        "dashLength": 10,
        "dashes": false,
        "datasource": {
          "type": "prometheus",
          "uid": "${Datasource}"
        },
        "editable": true,
        "error": false,
        "fill": 1,
        "fillGradient": 0,
        "grid": {},
        "gridPos": {
          "h": 6,
          "w": 4,
          "x": 20,
          "y": 4
        },
        "hiddenSeries": false,
        "id": 3,
        "legend": {
          "avg": false,
          "current": false,
          "max": false,
          "min": false,
          "show": false,
          "total": false,
          "values": false
        },
        "lines": true,
        "linewidth": 1,
        "links": [],
        "nullPointMode": "null as zero",
        "options": {
          "alertThreshold": true
        },
        "percentage": false,
        "pluginVersion": "9.3.6",
        "pointradius": 5,
        "points": false,
        "renderer": "flot",
        "seriesOverrides": [],
        "spaceLength": 10,
        "stack": false,
        "steppedLine": false,
        "targets": [
          {
            "datasource": {
              "type": "prometheus",
              "uid": "${Datasource}"
            },
            "editorMode": "code",
            "expr": "sum(rate(node_disk_read_bytes_total[$interval])) by (device)",
            "hide": false,
            "intervalFactor": 2,
            "legendFormat": "OUT on /{{device}}",
            "metric": "node_disk_bytes_read",
            "range": true,
            "refId": "A",
            "step": 600
          },
          {
            "datasource": {
              "type": "prometheus",
              "uid": "${Datasource}"
            },
            "editorMode": "code",
            "expr": "sum(rate(node_disk_written_bytes_total[$interval])) by (device)",
            "intervalFactor": 2,
            "legendFormat": "IN on /{{device}}",
            "metric": "",
            "range": true,
            "refId": "B",
            "step": 600
          }
        ],
        "thresholds": [],
        "timeRegions": [],
        "title": "Disk I/O",
        "tooltip": {
          "msResolution": true,
          "shared": true,
          "sort": 0,
          "value_type": "cumulative"
        },
        "type": "graph",
        "xaxis": {
          "mode": "time",
          "show": false,
          "values": []
        },
        "yaxes": [
          {
            "format": "Bps",
            "logBase": 1,
            "show": true
          },
          {
            "format": "short",
            "logBase": 1,
            "show": false
          }
        ],
        "yaxis": {
          "align": false
        }
      },
      {
        "aliasColors": {},
        "bars": false,
        "dashLength": 10,
        "dashes": false,
        "datasource": {
          "type": "prometheus",
          "uid": "${Datasource}"
        },
        "editable": true,
        "error": false,
        "fill": 1,
        "fillGradient": 0,
        "grid": {},
        "gridPos": {
          "h": 7,
          "w": 12,
          "x": 0,
          "y": 10
        },
        "hiddenSeries": false,
        "id": 8,
        "legend": {
          "alignAsTable": true,
          "avg": false,
          "current": false,
          "max": false,
          "min": false,
          "rightSide": true,
          "show": true,
          "total": false,
          "values": false
        },
        "lines": true,
        "linewidth": 2,
        "links": [],
        "nullPointMode": "null as zero",
        "options": {
          "alertThreshold": true
        },
        "percentage": false,
        "pluginVersion": "9.3.6",
        "pointradius": 5,
        "points": false,
        "renderer": "flot",
        "seriesOverrides": [],
        "spaceLength": 10,
        "stack": false,
        "steppedLine": false,
        "targets": [
          {
            "datasource": {
              "type": "prometheus",
              "uid": "${Datasource}"
            },
            "editorMode": "code",
            "expr": "sum(rate(dockerstats_network_received_bytes{name=~\".+\"}[$interval])) by (name)",
            "intervalFactor": 2,
            "legendFormat": "{{name}}",
            "range": true,
            "refId": "A",
            "step": 240
          },
          {
            "datasource": {
              "type": "prometheus",
              "uid": "${Datasource}"
            },
            "expr": "- rate(container_network_transmit_bytes_total{name=~\".+\"}[$interval])",
            "hide": true,
            "intervalFactor": 2,
            "legendFormat": "{{name}}",
            "refId": "B",
            "step": 10
          }
        ],
        "thresholds": [],
        "timeRegions": [],
        "title": "Received Network Traffic per Container",
        "tooltip": {
          "msResolution": true,
          "shared": true,
          "sort": 0,
          "value_type": "cumulative"
        },
        "type": "graph",
        "xaxis": {
          "mode": "time",
          "show": true,
          "values": []
        },
        "yaxes": [
          {
            "format": "Bps",
            "logBase": 1,
            "show": true
          },
          {
            "format": "short",
            "logBase": 1,
            "show": true
          }
        ],
        "yaxis": {
          "align": false
        }
      },
      {
        "aliasColors": {},
        "bars": false,
        "dashLength": 10,
        "dashes": false,
        "datasource": {
          "type": "prometheus",
          "uid": "${Datasource}"
        },
        "editable": true,
        "error": false,
        "fill": 1,
        "fillGradient": 0,
        "grid": {},
        "gridPos": {
          "h": 7,
          "w": 12,
          "x": 12,
          "y": 10
        },
        "hiddenSeries": false,
        "id": 9,
        "legend": {
          "alignAsTable": true,
          "avg": false,
          "current": false,
          "hideEmpty": false,
          "hideZero": false,
          "max": false,
          "min": false,
          "rightSide": true,
          "show": true,
          "total": false,
          "values": false
        },
        "lines": true,
        "linewidth": 2,
        "links": [],
        "nullPointMode": "null as zero",
        "options": {
          "alertThreshold": true
        },
        "percentage": false,
        "pluginVersion": "9.3.6",
        "pointradius": 5,
        "points": false,
        "renderer": "flot",
        "seriesOverrides": [],
        "spaceLength": 10,
        "stack": false,
        "steppedLine": false,
        "targets": [
          {
            "datasource": {
              "type": "prometheus",
              "uid": "${Datasource}"
            },
            "editorMode": "code",
            "expr": "sum(rate(dockerstats_network_transmitted_bytes{name=~\".+\"}[$interval])) by (name)",
            "intervalFactor": 2,
            "legendFormat": "{{name}}",
            "range": true,
            "refId": "A",
            "step": 240
          },
          {
            "datasource": {
              "type": "prometheus",
              "uid": "${Datasource}"
            },
            "expr": "rate(container_network_transmit_bytes_total{id=\"/\"}[$interval])",
            "hide": true,
            "intervalFactor": 2,
            "legendFormat": "",
            "refId": "B",
            "step": 10
          }
        ],
        "thresholds": [],
        "timeRegions": [],
        "title": "Sent Network Traffic per Container",
        "tooltip": {
          "msResolution": true,
          "shared": true,
          "sort": 0,
          "value_type": "cumulative"
        },
        "type": "graph",
        "xaxis": {
          "mode": "time",
          "show": true,
          "values": []
        },
        "yaxes": [
          {
            "format": "Bps",
            "label": "",
            "logBase": 1,
            "show": true
          },
          {
            "format": "short",
            "label": "",
            "logBase": 10,
            "max": 8,
            "min": 0,
            "show": false
          }
        ],
        "yaxis": {
          "align": false
        }
      },
      {
        "aliasColors": {},
        "bars": false,
        "dashLength": 10,
        "dashes": false,
        "datasource": {
          "type": "prometheus",
          "uid": "${Datasource}"
        },
        "editable": true,
        "error": false,
        "fill": 5,
        "fillGradient": 0,
        "grid": {},
        "gridPos": {
          "h": 7,
          "w": 12,
          "x": 0,
          "y": 17
        },
        "hiddenSeries": false,
        "id": 1,
        "legend": {
          "alignAsTable": true,
          "avg": false,
          "current": false,
          "max": false,
          "min": false,
          "rightSide": true,
          "show": true,
          "total": false,
          "values": false
        },
        "lines": true,
        "linewidth": 1,
        "links": [],
        "nullPointMode": "null as zero",
        "options": {
          "alertThreshold": true
        },
        "percentage": false,
        "pluginVersion": "9.3.6",
        "pointradius": 5,
        "points": false,
        "renderer": "flot",
        "seriesOverrides": [],
        "spaceLength": 10,
        "stack": true,
        "steppedLine": false,
        "targets": [
          {
            "datasource": {
              "type": "prometheus",
              "uid": "${Datasource}"
            },
            "editorMode": "code",
            "expr": "sum(rate(dockerstats_cpu_usage_ratio{name=~\".+\"}[$interval])) by (name) * 100",
            "hide": false,
            "interval": "",
            "intervalFactor": 2,
            "legendFormat": "{{name}}",
            "metric": "",
            "range": true,
            "refId": "F",
            "step": 240
          }
        ],
        "thresholds": [],
        "timeRegions": [],
        "title": "CPU Usage per Container",
        "tooltip": {
          "msResolution": true,
          "shared": true,
          "sort": 0,
          "value_type": "individual"
        },
        "type": "graph",
        "xaxis": {
          "mode": "time",
          "show": true,
          "values": []
        },
        "yaxes": [
          {
            "format": "percent",
            "label": "",
            "logBase": 1,
            "show": true
          },
          {
            "format": "short",
            "logBase": 1,
            "show": false
          }
        ],
        "yaxis": {
          "align": false
        }
      },
      {
        "aliasColors": {},
        "bars": false,
        "dashLength": 10,
        "dashes": false,
        "datasource": {
          "type": "prometheus",
          "uid": "${Datasource}"
        },
        "editable": true,
        "error": false,
        "fill": 3,
        "fillGradient": 0,
        "grid": {},
        "gridPos": {
          "h": 7,
          "w": 12,
          "x": 12,
          "y": 17
        },
        "hiddenSeries": false,
        "id": 34,
        "legend": {
          "alignAsTable": true,
          "avg": false,
          "current": false,
          "max": false,
          "min": false,
          "rightSide": true,
          "show": true,
          "total": false,
          "values": false
        },
        "lines": true,
        "linewidth": 2,
        "links": [],
        "nullPointMode": "null as zero",
        "options": {
          "alertThreshold": true
        },
        "percentage": false,
        "pluginVersion": "9.3.6",
        "pointradius": 5,
        "points": false,
        "renderer": "flot",
        "seriesOverrides": [],
        "spaceLength": 10,
        "stack": true,
        "steppedLine": false,
        "targets": [
          {
            "datasource": {
              "type": "prometheus",
              "uid": "${Datasource}"
            },
            "editorMode": "code",
            "expr": "sum(node_memory_SwapFree_bytes{job=~\".*\"}) by (job)",
            "hide": false,
            "intervalFactor": 2,
            "legendFormat": "{{name}}",
            "range": true,
            "refId": "A",
            "step": 240
          },
          {
            "datasource": {
              "type": "prometheus",
              "uid": "${Datasource}"
            },
            "expr": "container_memory_usage_bytes{name=~\".+\"}",
            "hide": true,
            "intervalFactor": 2,
            "legendFormat": "{{name}}",
            "refId": "B",
            "step": 240
          }
        ],
        "thresholds": [],
        "timeRegions": [],
        "title": "Memory Swap per Container",
        "tooltip": {
          "msResolution": true,
          "shared": true,
          "sort": 0,
          "value_type": "individual"
        },
        "type": "graph",
        "xaxis": {
          "mode": "time",
          "show": true,
          "values": []
        },
        "yaxes": [
          {
            "format": "bytes",
            "label": "",
            "logBase": 1,
            "show": true
          },
          {
            "format": "short",
            "logBase": 1,
            "show": true
          }
        ],
        "yaxis": {
          "align": false
        }
      },
      {
        "aliasColors": {},
        "bars": false,
        "dashLength": 10,
        "dashes": false,
        "datasource": {
          "type": "prometheus",
          "uid": "${Datasource}"
        },
        "editable": true,
        "error": false,
        "fill": 3,
        "fillGradient": 0,
        "grid": {},
        "gridPos": {
          "h": 7,
          "w": 12,
          "x": 0,
          "y": 24
        },
        "hiddenSeries": false,
        "id": 10,
        "legend": {
          "alignAsTable": true,
          "avg": false,
          "current": false,
          "max": false,
          "min": false,
          "rightSide": true,
          "show": true,
          "total": false,
          "values": false
        },
        "lines": true,
        "linewidth": 2,
        "links": [],
        "nullPointMode": "null as zero",
        "options": {
          "alertThreshold": true
        },
        "percentage": false,
        "pluginVersion": "9.3.6",
        "pointradius": 5,
        "points": false,
        "renderer": "flot",
        "seriesOverrides": [],
        "spaceLength": 10,
        "stack": true,
        "steppedLine": false,
        "targets": [
          {
            "datasource": {
              "type": "prometheus",
              "uid": "${Datasource}"
            },
            "editorMode": "code",
            "expr": "sum(dockerstats_memory_usage_rss_bytes{name=~\".+\"}) by (name)",
            "hide": false,
            "intervalFactor": 2,
            "legendFormat": "{{name}}",
            "range": true,
            "refId": "A",
            "step": 240
          },
          {
            "datasource": {
              "type": "prometheus",
              "uid": "${Datasource}"
            },
            "expr": "container_memory_usage_bytes{name=~\".+\"}",
            "hide": true,
            "intervalFactor": 2,
            "legendFormat": "{{name}}",
            "refId": "B",
            "step": 240
          }
        ],
        "thresholds": [],
        "timeRegions": [],
        "title": "Memory Usage per Container",
        "tooltip": {
          "msResolution": true,
          "shared": true,
          "sort": 0,
          "value_type": "individual"
        },
        "type": "graph",
        "xaxis": {
          "mode": "time",
          "show": true,
          "values": []
        },
        "yaxes": [
          {
            "format": "bytes",
            "label": "",
            "logBase": 1,
            "show": true
          },
          {
            "format": "short",
            "logBase": 1,
            "show": true
          }
        ],
        "yaxis": {
          "align": false
        }
      }
    ],
    "refresh": "5s",
    "schemaVersion": 37,
    "style": "dark",
    "tags": [],
    "templating": {
      "list": [
        {
          "auto": true,
          "auto_count": 50,
          "auto_min": "50s",
          "current": {
            "selected": false,
            "text": "30m",
            "value": "30m"
          },
          "hide": 0,
          "includeAll": false,
          "label": "Interval",
          "multi": false,
          "name": "interval",
          "options": [
            {
              "selected": false,
              "text": "auto",
              "value": "$__auto_interval_interval"
            },
            {
              "selected": false,
              "text": "30s",
              "value": "30s"
            },
            {
              "selected": false,
              "text": "1m",
              "value": "1m"
            },
            {
              "selected": false,
              "text": "2m",
              "value": "2m"
            },
            {
              "selected": false,
              "text": "3m",
              "value": "3m"
            },
            {
              "selected": false,
              "text": "5m",
              "value": "5m"
            },
            {
              "selected": false,
              "text": "7m",
              "value": "7m"
            },
            {
              "selected": false,
              "text": "10m",
              "value": "10m"
            },
            {
              "selected": true,
              "text": "30m",
              "value": "30m"
            },
            {
              "selected": false,
              "text": "1h",
              "value": "1h"
            },
            {
              "selected": false,
              "text": "6h",
              "value": "6h"
            },
            {
              "selected": false,
              "text": "12h",
              "value": "12h"
            },
            {
              "selected": false,
              "text": "1d",
              "value": "1d"
            },
            {
              "selected": false,
              "text": "7d",
              "value": "7d"
            },
            {
              "selected": false,
              "text": "14d",
              "value": "14d"
            },
            {
              "selected": false,
              "text": "30d",
              "value": "30d"
            }
          ],
          "query": "30s,1m,2m,3m,5m,7m,10m,30m,1h,6h,12h,1d,7d,14d,30d",
          "queryValue": "",
          "refresh": 2,
          "skipUrlSync": false,
          "type": "interval"
        },
        {
          "current": {
            "selected": true,
            "text": [
              "node-exporter"
            ],
            "value": [
              "node-exporter"
            ]
          },
          "datasource": {
            "type": "prometheus",
            "uid": "P86337B8C7A1323D2"
          },
          "definition": "label_values(node_boot_time_seconds, instance)",
          "hide": 0,
          "includeAll": false,
          "label": "Node",
          "multi": true,
          "name": "server",
          "options": [],
          "query": {
            "query": "label_values(node_boot_time_seconds, instance)",
            "refId": "StandardVariableQuery"
          },
          "refresh": 1,
          "regex": "/([^:]+):.*/",
          "skipUrlSync": false,
          "sort": 0,
          "type": "query"
        },
        {
          "current": {
            "selected": true,
            "text": "prometheus",
            "value": "prometheus"
          },
          "hide": 0,
          "includeAll": false,
          "multi": false,
          "name": "Datasource",
          "options": [],
          "query": "prometheus",
          "queryValue": "",
          "refresh": 1,
          "regex": "",
          "skipUrlSync": false,
          "type": "datasource"
        }
      ]
    },
    "time": {
      "from": "now-5m",
      "to": "now"
    },
    "timepicker": {
      "refresh_intervals": [
        "5s",
        "10s",
        "30s",
        "1m",
        "5m",
        "15m",
        "30m",
        "1h",
        "2h",
        "1d"
      ],
      "time_options": [
        "5m",
        "15m",
        "1h",
        "6h",
        "12h",
        "24h",
        "2d",
        "7d",
        "30d"
      ]
    },
    "timezone": "browser",
    "title": "Docker and system monitoring",
    "uid": "docker-overview",
    "version": 1,
    "weekStart": ""
  }